epoch,auroc,auprc,ap,f1
1,0.47844032725628105,0.5445866652912495,0.5027725408313779,0.2572682315246918
final,CB-DB,0.5641756964887884,0.621332605156199,0.560559978767839,0.4877774314051312
