epoch,auroc,auprc,ap,f1
1,0.5028631016033748,0.5697484702210869,0.5231828857204297,0.32610795361214234
2,0.5511209614286712,0.6044787815131247,0.554354424986673,0.45632489785684566
final,CB-DB,0.6041503667866298,0.6293070665712283,0.591072724664494,0.5577210941101363
