epoch,auroc,auprc,ap,f1
1,0.5232348891160123,0.600851436568345,0.5307646256640546,0.39269307809482684
final,CB-DB,0.5811852641387445,0.6598040652094634,0.5623025575895608,0.5652733581691233
