epoch,auroc,auprc,ap,f1
1,0.5114987387359378,0.5771942833923762,0.5228909328539514,0.34523945376393167
final,CB-DB,0.5832283262189168,0.647066494650762,0.566782392182695,0.5567638493780183
